target_lines,plate_id
U22-912076,G-6_Mips22.Master7_G-6_Mips22.Master7
U22-912078,F-9_Mips22.Master22_F-9_Mips22.Master22
U22-912079,H-4_Mips22.Master10_H-4_Mips22.Master10
U22-912080,D-7_Mips22.Master10_D-7_Mips22.Master10
U22-912082,E-12_Mips22.Master11_E-12_Mips22.Master11
U22-912083,A-12_Mips22.Master18_A-12_Mips22.Master18
U22-912085,E-3_Mips22.Master19_E-3_Mips22.Master19
U22-912087,D-3_Mips22.Master6_D-3_Mips22.Master6
U22-912089,F-6_Mips22.Master17_F-6_Mips22.Master17
U22-912092,D-6_Mips22.Master6_D-6_Mips22.Master6
U22-913002,C-12_Mips22.Master6_C-12_Mips22.Master6
U22-913008,B-5_Mips22.Master18_B-5_Mips22.Master18
U22-913010,E-9_Mips22.Master9_E-9_Mips22.Master9
U22-913012,F-9_Mips22.Master38_F-9_Mips22.Master38
U22-913014,D-5_Mips22.Master17_D-5_Mips22.Master17
U22-913017,H-5_Mips22.Master18_H-5_Mips22.Master18
U22-913018,H-2_Mips22.Master16_H-2_Mips22.Master16
U22-913020,E-11_Mips22.Master10_E-11_Mips22.Master10
U22-913022,F-3_Mips22.Master6_F-3_Mips22.Master6
U22-913024,E-6_Mips22.Master16_E-6_Mips22.Master16
U22-913027,B-7_Mips22.Master18_B-7_Mips22.Master18
U22-913029,G-3_Mips22.Master8_G-3_Mips22.Master8
U22-913032,C-1_Mips22.Master11_C-1_Mips22.Master11
U22-913034,G-12_Mips22.Master9_G-12_Mips22.Master9
U22-913036,B-12_Mips22.Master38_B-12_Mips22.Master38
U22-913037,F-9_Mips22.Master17_F-9_Mips22.Master17
U22-913038,A-9_Mips22.Master11_A-9_Mips22.Master11
U22-913039,H-7_Mips22.Master10_H-7_Mips22.Master10
U22-913040,B-5_Mips22.Master16_B-5_Mips22.Master16
U22-913041,G-9_Mips22.Master11_G-9_Mips22.Master11
U22-913042,E-3_Mips22.Master38_E-3_Mips22.Master38
U22-913044,H-11_Mips22.Master2_H-11_Mips22.Master2
U22-913049,C-12_Mips22.Master38_C-12_Mips22.Master38
U22-913050,F-11_Mips22.Master21_F-11_Mips22.Master21
U22-913051,C-8_Mips22.Master9_C-8_Mips22.Master9
U22-913055,C-1_Mips22.Master8_C-1_Mips22.Master8
U22-913058,C-11_Mips22.Master11_C-11_Mips22.Master11
U22-913062,G-8_Mips22.Master7_G-8_Mips22.Master7
U22-913063,A-2_Mips22.Master17_A-2_Mips22.Master17
U22-913064,F-11_Mips22.Master18_F-11_Mips22.Master18
U22-913065,B-6_Mips22.Master19_B-6_Mips22.Master19
U22-913066,G-7_Mips22.Master20_G-7_Mips22.Master20
U22-913067,H-7_Mips22.Master19_H-7_Mips22.Master19
U22-913071,F-3_Mips22.Master17_F-3_Mips22.Master17
U22-913076,F-1_Mips22.Master11_F-1_Mips22.Master11
U22-913077,H-12_Mips22.Master10_H-12_Mips22.Master10
U22-913078,F-8_Mips22.Master38_F-8_Mips22.Master38
U22-913080,D-8_Mips22.Master19_D-8_Mips22.Master19
U22-913083,H-4_Mips22.Master22_H-4_Mips22.Master22
U22-913085,A-9_Mips22.Master18_A-9_Mips22.Master18
U22-913086,G-3_Mips22.Master20_G-3_Mips22.Master20
U22-913087,G-4_Mips22.Master17_G-4_Mips22.Master17
U22-913090,G-11_Mips22.Master2_G-11_Mips22.Master2
U22-913091,F-10_Mips22.Master8_F-10_Mips22.Master8
U22-913092,D-9_Mips22.Master21_D-9_Mips22.Master21
U22-914004,G-1_Mips22.Master23_G-1_Mips22.Master23
U22-914006,G-8_Mips22.Master19_G-8_Mips22.Master19
U22-914012,E-6_Mips22.Master10_E-6_Mips22.Master10
U22-914013,G-4_Mips22.Master38_G-4_Mips22.Master38
U22-914015,G-3_Mips22.Master6_G-3_Mips22.Master6
U22-914016,G-12_Mips22.Master7_G-12_Mips22.Master7
U22-914019,H-10_Mips22.Master23_H-10_Mips22.Master23
U22-914021,E-7_Mips22.Master18_E-7_Mips22.Master18
U22-914025,C-12_Mips22.Master11_C-12_Mips22.Master11
U22-914026,D-3_Mips22.Master11_D-3_Mips22.Master11
U22-914027,B-6_Mips22.Master23_B-6_Mips22.Master23
U22-914029,E-12_Mips22.Master18_E-12_Mips22.Master18
U22-914030,A-8_Mips22.Master16_A-8_Mips22.Master16
U22-914033,H-12_Mips22.Master20_H-12_Mips22.Master20
U22-914036,E-1_Mips22.Master10_E-1_Mips22.Master10
U22-914037,F-7_Mips22.Master7_F-7_Mips22.Master7
U22-914039,G-12_Mips22.Master18_G-12_Mips22.Master18
U22-914040,D-2_Mips22.Master21_D-2_Mips22.Master21
U22-914041,A-1_Mips22.Master7_A-1_Mips22.Master7
U22-914042,E-10_Mips22.Master10_E-10_Mips22.Master10
U22-914044,A-7_Mips22.Master17_A-7_Mips22.Master17
U22-914046,A-4_Mips22.Master20_A-4_Mips22.Master20
U22-914047,D-12_Mips22.Master7_D-12_Mips22.Master7
U22-914048,H-1_Mips22.Master22_H-1_Mips22.Master22
U22-914049,D-10_Mips22.Master10_D-10_Mips22.Master10
U22-914050,C-12_Mips22.Master10_C-12_Mips22.Master10
U22-914051,H-11_Mips22.Master38_H-11_Mips22.Master38
U22-914052,D-6_Mips22.Master11_D-6_Mips22.Master11
U22-914053,D-5_Mips22.Master9_D-5_Mips22.Master9
U22-914054,G-10_Mips22.Master21_G-10_Mips22.Master21
U22-914056,D-9_Mips22.Master18_D-9_Mips22.Master18
U22-914059,D-1_Mips22.Master11_D-1_Mips22.Master11
U22-914064,G-9_Mips22.Master22_G-9_Mips22.Master22
U22-914065,E-12_Mips22.Master9_E-12_Mips22.Master9
U22-914067,C-5_Mips22.Master22_C-5_Mips22.Master22
U22-914068,E-7_Mips22.Master19_E-7_Mips22.Master19
U22-914069,H-11_Mips22.Master9_H-11_Mips22.Master9
U22-914070,H-8_Mips22.Master7_H-8_Mips22.Master7
U22-914071,F-8_Mips22.Master6_F-8_Mips22.Master6
U22-914073,C-9_Mips22.Master19_C-9_Mips22.Master19
U22-914074,B-4_Mips22.Master7_B-4_Mips22.Master7
U22-914077,H-8_Mips22.Master16_H-8_Mips22.Master16
U22-914078,F-1_Mips22.Master2_F-1_Mips22.Master2
U22-914082,B-3_Mips22.Master17_B-3_Mips22.Master17
U22-914083,D-6_Mips22.Master21_D-6_Mips22.Master21
U22-914086,A-7_Mips22.Master7_A-7_Mips22.Master7
U22-914087,F-6_Mips22.Master9_F-6_Mips22.Master9
U22-914088,D-1_Mips22.Master22_D-1_Mips22.Master22
U22-914089,C-1_Mips22.Master38_C-1_Mips22.Master38
U22-914090,G-8_Mips22.Master10_G-8_Mips22.Master10
U22-914091,H-11_Mips22.Master20_H-11_Mips22.Master20
U22-914092,D-1_Mips22.Master8_D-1_Mips22.Master8
U22-915002,C-11_Mips22.Master21_C-11_Mips22.Master21
U22-915006,F-5_Mips22.Master10_F-5_Mips22.Master10
U22-915007,D-3_Mips22.Master38_D-3_Mips22.Master38
U22-915008,A-6_Mips22.Master10_A-6_Mips22.Master10
U22-915009,B-3_Mips22.Master22_B-3_Mips22.Master22
U22-915010,F-10_Mips22.Master9_F-10_Mips22.Master9
U22-915011,C-7_Mips22.Master10_C-7_Mips22.Master10
U22-915013,F-11_Mips22.Master2_F-11_Mips22.Master2
U22-915015,G-10_Mips22.Master8_G-10_Mips22.Master8
U22-915016,C-9_Mips22.Master8_C-9_Mips22.Master8
U22-915017,H-7_Mips22.Master6_H-7_Mips22.Master6
U22-915019,C-1_Mips22.Master23_C-1_Mips22.Master23
U22-915020,G-7_Mips22.Master38_G-7_Mips22.Master38
U22-915021,H-5_Mips22.Master11_H-5_Mips22.Master11
U22-915023,F-10_Mips22.Master38_F-10_Mips22.Master38
U22-915024,A-11_Mips22.Master8_A-11_Mips22.Master8
U22-915025,B-11_Mips22.Master22_B-11_Mips22.Master22
U22-915026,H-12_Mips22.Master7_H-12_Mips22.Master7
U22-915028,F-7_Mips22.Master38_F-7_Mips22.Master38
U22-915030,A-11_Mips22.Master19_A-11_Mips22.Master19
U22-915032,D-4_Mips22.Master17_D-4_Mips22.Master17
U22-915033,G-12_Mips22.Master8_G-12_Mips22.Master8
U22-915034,C-12_Mips22.Master9_C-12_Mips22.Master9
U22-915035,H-9_Mips22.Master9_H-9_Mips22.Master9
U22-915036,B-8_Mips22.Master17_B-8_Mips22.Master17
U22-915037,E-12_Mips22.Master21_E-12_Mips22.Master21
U22-915038,C-5_Mips22.Master8_C-5_Mips22.Master8
U22-915039,B-9_Mips22.Master38_B-9_Mips22.Master38
U22-915040,B-2_Mips22.Master7_B-2_Mips22.Master7
U22-915041,B-5_Mips22.Master20_B-5_Mips22.Master20
U22-915042,C-8_Mips22.Master38_C-8_Mips22.Master38
U22-915043,E-6_Mips22.Master21_E-6_Mips22.Master21
U22-915046,A-1_Mips22.Master16_A-1_Mips22.Master16
U22-915047,D-8_Mips22.Master22_D-8_Mips22.Master22
U22-915049,C-11_Mips22.Master18_C-11_Mips22.Master18
U22-915051,G-12_Mips22.Master6_G-12_Mips22.Master6
U22-915053,G-2_Mips22.Master19_G-2_Mips22.Master19
U22-915057,F-8_Mips22.Master9_F-8_Mips22.Master9
U22-915058,C-12_Mips22.Master7_C-12_Mips22.Master7
U22-915061,D-10_Mips22.Master22_D-10_Mips22.Master22
U22-915066,B-1_Mips22.Master9_B-1_Mips22.Master9
U22-915069,D-6_Mips22.Master38_D-6_Mips22.Master38
U22-915070,G-2_Mips22.Master23_G-2_Mips22.Master23
U22-915071,E-6_Mips22.Master11_E-6_Mips22.Master11
U22-915073,H-1_Mips22.Master21_H-1_Mips22.Master21
U22-915074,G-8_Mips22.Master22_G-8_Mips22.Master22
U22-915075,C-7_Mips22.Master8_C-7_Mips22.Master8
U22-915076,B-3_Mips22.Master11_B-3_Mips22.Master11
U22-915077,A-9_Mips22.Master16_A-9_Mips22.Master16
U22-915079,G-6_Mips22.Master8_G-6_Mips22.Master8
U22-915081,B-5_Mips22.Master11_B-5_Mips22.Master11
U22-915082,D-6_Mips22.Master23_D-6_Mips22.Master23
U22-915083,B-7_Mips22.Master7_B-7_Mips22.Master7
U22-915085,A-5_Mips22.Master10_A-5_Mips22.Master10
U22-915087,H-4_Mips22.Master17_H-4_Mips22.Master17
U22-915088,D-7_Mips22.Master22_D-7_Mips22.Master22
U22-915089,G-9_Mips22.Master23_G-9_Mips22.Master23
U22-915091,A-12_Mips22.Master7_A-12_Mips22.Master7
U22-915092,H-1_Mips22.Master8_H-1_Mips22.Master8
U22-916004,D-3_Mips22.Master17_D-3_Mips22.Master17
U22-916005,G-6_Mips22.Master16_G-6_Mips22.Master16
U22-916006,H-1_Mips22.Master6_H-1_Mips22.Master6
U22-916007,B-11_Mips22.Master18_B-11_Mips22.Master18
U22-916009,E-12_Mips22.Master20_E-12_Mips22.Master20
U22-916011,G-2_Mips22.Master10_G-2_Mips22.Master10
U22-916012,B-1_Mips22.Master21_B-1_Mips22.Master21
U22-916013,H-9_Mips22.Master17_H-9_Mips22.Master17
U22-916015,H-8_Mips22.Master17_H-8_Mips22.Master17
U22-916017,F-11_Mips22.Master38_F-11_Mips22.Master38
U22-916018,A-10_Mips22.Master22_A-10_Mips22.Master22
U22-916019,G-7_Mips22.Master22_G-7_Mips22.Master22
U22-916020,D-7_Mips22.Master9_D-7_Mips22.Master9
U22-916021,B-8_Mips22.Master19_B-8_Mips22.Master19
U22-916022,D-5_Mips22.Master23_D-5_Mips22.Master23
U22-916026,H-8_Mips22.Master8_H-8_Mips22.Master8
U22-916027,F-5_Mips22.Master9_F-5_Mips22.Master9
U22-916028,B-6_Mips22.Master20_B-6_Mips22.Master20
U22-916029,E-12_Mips22.Master19_E-12_Mips22.Master19
U22-916030,A-5_Mips22.Master11_A-5_Mips22.Master11
U22-916031,C-2_Mips22.Master9_C-2_Mips22.Master9
U22-916032,D-2_Mips22.Master17_D-2_Mips22.Master17
U22-916033,B-7_Mips22.Master10_B-7_Mips22.Master10
U22-916034,G-7_Mips22.Master16_G-7_Mips22.Master16
U22-916037,A-1_Mips22.Master17_A-1_Mips22.Master17
U22-916038,A-5_Mips22.Master7_A-5_Mips22.Master7
U22-916039,D-4_Mips22.Master18_D-4_Mips22.Master18
U22-916040,F-9_Mips22.Master20_F-9_Mips22.Master20
U22-916041,D-12_Mips22.Master38_D-12_Mips22.Master38
U22-916042,A-10_Mips22.Master8_A-10_Mips22.Master8
U22-916043,B-1_Mips22.Master20_B-1_Mips22.Master20
U22-916044,D-5_Mips22.Master10_D-5_Mips22.Master10
U22-916045,E-11_Mips22.Master21_E-11_Mips22.Master21
U22-916046,A-1_Mips22.Master10_A-1_Mips22.Master10
U22-916047,C-3_Mips22.Master20_C-3_Mips22.Master20
U22-916048,A-1_Mips22.Master18_A-1_Mips22.Master18
U22-916049,C-9_Mips22.Master11_C-9_Mips22.Master11
U22-916052,B-12_Mips22.Master20_B-12_Mips22.Master20
U22-916056,H-1_Mips22.Master38_H-1_Mips22.Master38
U22-916061,G-2_Mips22.Master11_G-2_Mips22.Master11
U22-916062,F-4_Mips22.Master38_F-4_Mips22.Master38
U22-916065,E-8_Mips22.Master7_E-8_Mips22.Master7
U22-916066,G-8_Mips22.Master8_G-8_Mips22.Master8
U22-916067,G-1_Mips22.Master18_G-1_Mips22.Master18
U22-916069,D-12_Mips22.Master19_D-12_Mips22.Master19
U22-916070,B-2_Mips22.Master19_B-2_Mips22.Master19
U22-916071,B-11_Mips22.Master17_B-11_Mips22.Master17
U22-916074,G-3_Mips22.Master19_G-3_Mips22.Master19
U22-916076,E-2_Mips22.Master23_E-2_Mips22.Master23
U22-916077,E-2_Mips22.Master2_E-2_Mips22.Master2
U22-916081,A-5_Mips22.Master20_A-5_Mips22.Master20
U22-916082,G-2_Mips22.Master17_G-2_Mips22.Master17
U22-916083,C-9_Mips22.Master18_C-9_Mips22.Master18
U22-916085,G-5_Mips22.Master19_G-5_Mips22.Master19
U22-916086,B-9_Mips22.Master22_B-9_Mips22.Master22
U22-916089,F-10_Mips22.Master22_F-10_Mips22.Master22
U22-916090,C-8_Mips22.Master17_C-8_Mips22.Master17
U22-916091,A-3_Mips22.Master18_A-3_Mips22.Master18
U22-916092,A-2_Mips22.Master19_A-2_Mips22.Master19
U22-917002,F-9_Mips22.Master7_F-9_Mips22.Master7
U22-917005,G-12_Mips22.Master17_G-12_Mips22.Master17
U22-917010,A-12_Mips22.Master9_A-12_Mips22.Master9
U22-917011,B-3_Mips22.Master9_B-3_Mips22.Master9
U22-917012,F-7_Mips22.Master17_F-7_Mips22.Master17
U22-917013,H-10_Mips22.Master18_H-10_Mips22.Master18
U22-917015,D-8_Mips22.Master20_D-8_Mips22.Master20
U22-917016,A-8_Mips22.Master19_A-8_Mips22.Master19
U22-917017,B-2_Mips22.Master23_B-2_Mips22.Master23
U22-917018,A-12_Mips22.Master22_A-12_Mips22.Master22
U22-917021,H-3_Mips22.Master19_H-3_Mips22.Master19
U22-917022,H-1_Mips22.Master9_H-1_Mips22.Master9
U22-917024,E-2_Mips22.Master20_E-2_Mips22.Master20
U22-917026,F-11_Mips22.Master19_F-11_Mips22.Master19
U22-917027,F-11_Mips22.Master8_F-11_Mips22.Master8
U22-917028,H-12_Mips22.Master22_H-12_Mips22.Master22
U22-917029,C-8_Mips22.Master22_C-8_Mips22.Master22
U22-917030,C-10_Mips22.Master8_C-10_Mips22.Master8
U22-917032,D-10_Mips22.Master6_D-10_Mips22.Master6
U22-917033,A-7_Mips22.Master22_A-7_Mips22.Master22
U22-917034,E-12_Mips22.Master23_E-12_Mips22.Master23
U22-917035,E-7_Mips22.Master17_E-7_Mips22.Master17
U22-917037,F-6_Mips22.Master20_F-6_Mips22.Master20
U22-917038,H-11_Mips22.Master7_H-11_Mips22.Master7
U22-917041,E-5_Mips22.Master20_E-5_Mips22.Master20
U22-917044,F-1_Mips22.Master19_F-1_Mips22.Master19
U22-917046,C-5_Mips22.Master11_C-5_Mips22.Master11
U22-917049,G-12_Mips22.Master21_G-12_Mips22.Master21
U22-917050,E-7_Mips22.Master20_E-7_Mips22.Master20
U22-917051,B-12_Mips22.Master7_B-12_Mips22.Master7
U22-917052,D-5_Mips22.Master18_D-5_Mips22.Master18
U22-917054,H-9_Mips22.Master10_H-9_Mips22.Master10
U22-917055,F-9_Mips22.Master8_F-9_Mips22.Master8
U22-917062,G-6_Mips22.Master10_G-6_Mips22.Master10
U22-917063,G-7_Mips22.Master7_G-7_Mips22.Master7
U22-917064,E-2_Mips22.Master17_E-2_Mips22.Master17
U22-917066,G-1_Mips22.Master19_G-1_Mips22.Master19
U22-917068,C-3_Mips22.Master9_C-3_Mips22.Master9
U22-917070,G-4_Mips22.Master22_G-4_Mips22.Master22
U22-917074,F-4_Mips22.Master18_F-4_Mips22.Master18
U22-917075,E-1_Mips22.Master11_E-1_Mips22.Master11
U22-917076,D-2_Mips22.Master9_D-2_Mips22.Master9
U22-917077,H-6_Mips22.Master22_H-6_Mips22.Master22
U22-917080,C-6_Mips22.Master8_C-6_Mips22.Master8
U22-917081,A-3_Mips22.Master23_A-3_Mips22.Master23
U22-917082,G-4_Mips22.Master7_G-4_Mips22.Master7
U22-917083,C-9_Mips22.Master21_C-9_Mips22.Master21
U22-917084,E-10_Mips22.Master6_E-10_Mips22.Master6
U22-917085,A-9_Mips22.Master19_A-9_Mips22.Master19
U22-917087,C-4_Mips22.Master19_C-4_Mips22.Master19
U22-917089,B-7_Mips22.Master38_B-7_Mips22.Master38
U22-917090,D-9_Mips22.Master2_D-9_Mips22.Master2
U22-917091,F-5_Mips22.Master11_F-5_Mips22.Master11
U22-917092,C-11_Mips22.Master16_C-11_Mips22.Master16
U22-918002,E-4_Mips22.Master20_E-4_Mips22.Master20
U22-918003,D-3_Mips22.Master19_D-3_Mips22.Master19
U22-918005,C-6_Mips22.Master17_C-6_Mips22.Master17
U22-918007,C-9_Mips22.Master9_C-9_Mips22.Master9
U22-918008,B-11_Mips22.Master19_B-11_Mips22.Master19
U22-918010,B-7_Mips22.Master23_B-7_Mips22.Master23
U22-918011,H-12_Mips22.Master23_H-12_Mips22.Master23
U22-918012,B-10_Mips22.Master19_B-10_Mips22.Master19
U22-918013,E-6_Mips22.Master23_E-6_Mips22.Master23
U22-918014,C-3_Mips22.Master19_C-3_Mips22.Master19
U22-918015,D-3_Mips22.Master16_D-3_Mips22.Master16
U22-918016,G-5_Mips22.Master20_G-5_Mips22.Master20
U22-918017,G-7_Mips22.Master8_G-7_Mips22.Master8
U22-918018,A-4_Mips22.Master11_A-4_Mips22.Master11
U22-918019,A-2_Mips22.Master23_A-2_Mips22.Master23
U22-918020,B-3_Mips22.Master18_B-3_Mips22.Master18
U22-918021,C-1_Mips22.Master22_C-1_Mips22.Master22
U22-918022,G-6_Mips22.Master23_G-6_Mips22.Master23
U22-918023,A-6_Mips22.Master11_A-6_Mips22.Master11
U22-918024,D-8_Mips22.Master6_D-8_Mips22.Master6
U22-918025,H-3_Mips22.Master2_H-3_Mips22.Master2
U22-918026,C-10_Mips22.Master19_C-10_Mips22.Master19
U22-918027,H-8_Mips22.Master9_H-8_Mips22.Master9
U22-918028,G-3_Mips22.Master11_G-3_Mips22.Master11
U22-918029,C-4_Mips22.Master9_C-4_Mips22.Master9
U22-918030,F-8_Mips22.Master11_F-8_Mips22.Master11
U22-918031,F-10_Mips22.Master18_F-10_Mips22.Master18
U22-918032,G-2_Mips22.Master20_G-2_Mips22.Master20
U22-918037,C-8_Mips22.Master10_C-8_Mips22.Master10
U22-918038,D-11_Mips22.Master20_D-11_Mips22.Master20
U22-918039,D-9_Mips22.Master7_D-9_Mips22.Master7
U22-918040,B-5_Mips22.Master7_B-5_Mips22.Master7
U22-918041,C-2_Mips22.Master10_C-2_Mips22.Master10
U22-918042,D-12_Mips22.Master9_D-12_Mips22.Master9
U22-918043,F-9_Mips22.Master10_F-9_Mips22.Master10
U22-918046,H-9_Mips22.Master16_H-9_Mips22.Master16
U22-918050,B-5_Mips22.Master19_B-5_Mips22.Master19
U22-918051,D-3_Mips22.Master8_D-3_Mips22.Master8
U22-918052,C-5_Mips22.Master20_C-5_Mips22.Master20
U22-918053,H-10_Mips22.Master16_H-10_Mips22.Master16
U22-918055,A-6_Mips22.Master38_A-6_Mips22.Master38
U22-918056,G-11_Mips22.Master22_G-11_Mips22.Master22
U22-918058,B-1_Mips22.Master10_B-1_Mips22.Master10
U22-918059,E-12_Mips22.Master10_E-12_Mips22.Master10
U22-918068,A-12_Mips22.Master19_A-12_Mips22.Master19
U22-918074,G-1_Mips22.Master11_G-1_Mips22.Master11
U22-918077,G-12_Mips22.Master11_G-12_Mips22.Master11
U22-918078,D-7_Mips22.Master16_D-7_Mips22.Master16
U22-918079,H-9_Mips22.Master38_H-9_Mips22.Master38
U22-918080,H-12_Mips22.Master19_H-12_Mips22.Master19
U22-918082,D-9_Mips22.Master22_D-9_Mips22.Master22
U22-918083,E-7_Mips22.Master22_E-7_Mips22.Master22
U22-918087,D-7_Mips22.Master21_D-7_Mips22.Master21
U22-918088,C-6_Mips22.Master10_C-6_Mips22.Master10
U22-918089,C-12_Mips22.Master21_C-12_Mips22.Master21
U22-918090,F-12_Mips22.Master22_F-12_Mips22.Master22
U22-918091,A-3_Mips22.Master21_A-3_Mips22.Master21
U22-918092,B-2_Mips22.Master38_B-2_Mips22.Master38
U22-919003,C-10_Mips22.Master16_C-10_Mips22.Master16
U22-919005,C-5_Mips22.Master38_C-5_Mips22.Master38
U22-919008,F-9_Mips22.Master18_F-9_Mips22.Master18
U22-919009,E-1_Mips22.Master9_E-1_Mips22.Master9
U22-919010,H-10_Mips22.Master38_H-10_Mips22.Master38
U22-919012,D-12_Mips22.Master23_D-12_Mips22.Master23
U22-919014,B-1_Mips22.Master7_B-1_Mips22.Master7
U22-919015,F-5_Mips22.Master23_F-5_Mips22.Master23
U22-919016,A-12_Mips22.Master17_A-12_Mips22.Master17
U22-919017,D-4_Mips22.Master16_D-4_Mips22.Master16
U22-919018,C-9_Mips22.Master20_C-9_Mips22.Master20
U22-919019,A-8_Mips22.Master11_A-8_Mips22.Master11
U22-919022,C-1_Mips22.Master21_C-1_Mips22.Master21
U22-919025,H-7_Mips22.Master17_H-7_Mips22.Master17
U22-919026,H-8_Mips22.Master21_H-8_Mips22.Master21
U22-919031,G-2_Mips22.Master18_G-2_Mips22.Master18
U22-919032,E-4_Mips22.Master8_E-4_Mips22.Master8
U22-919033,A-5_Mips22.Master21_A-5_Mips22.Master21
U22-919037,B-8_Mips22.Master9_B-8_Mips22.Master9
U22-919039,A-12_Mips22.Master21_A-12_Mips22.Master21
U22-919040,B-9_Mips22.Master20_B-9_Mips22.Master20
U22-919042,F-5_Mips22.Master7_F-5_Mips22.Master7
U22-919043,D-6_Mips22.Master7_D-6_Mips22.Master7
U22-919045,D-4_Mips22.Master8_D-4_Mips22.Master8
U22-919047,C-4_Mips22.Master20_C-4_Mips22.Master20
U22-919048,G-5_Mips22.Master8_G-5_Mips22.Master8
U22-919049,H-9_Mips22.Master11_H-9_Mips22.Master11
